{
  "dataset": "ETTm1",
  "mask_ratio": 0.2,
  "seed": 42,
  "head_results": {
    "linear": 0.22289166311389796,
    "dense_mlp": 0.21786332630848707,
    "conv": 0.21965886961338318,
    "attention": 0.23560595639578377,
    "residual_conv": 0.2486614172414428
  },
  "rrmoa_mse": 0.10394662089567051,
  "rrmoa_routing": {
    "linear": 0.182,
    "dense_mlp": 0.262,
    "conv": 0.212,
    "attention": 0.194,
    "residual_conv": 0.15
  },
  "best_head": "dense_mlp",
  "best_head_mse": 0.21786332630848707
}