{
  "dataset": "ETTh1",
  "horizon": 96,
  "seed": 43,
  "epochs": 15,
  "input_len": 512,
  "dlinear_mse": 0.4142635464668274,
  "dlinear_mae": 0.42809373140335083,
  "param_count": 49248,
  "elapsed": 1.0347750186920166
}