{
  "dataset": "ETTh1",
  "horizon": 96,
  "seed": 42,
  "epochs": 15,
  "input_len": 512,
  "dlinear_mse": 0.4159424901008606,
  "dlinear_mae": 0.4300202429294586,
  "param_count": 49248,
  "elapsed": 1.040567398071289
}