{
  "dataset": "ETTm1",
  "horizon": 96,
  "seed": 44,
  "epochs": 15,
  "input_len": 512,
  "dlinear_mse": 0.31745898723602295,
  "dlinear_mae": 0.36249640583992004,
  "param_count": 49248,
  "elapsed": 1.0342330932617188
}