{
  "dataset": "Weather",
  "horizon": 96,
  "seed": 42,
  "epochs": 15,
  "input_len": 512,
  "dlinear_mse": 0.20478224754333496,
  "dlinear_mae": 0.250827819108963,
  "param_count": 49248,
  "elapsed": 1.0332262516021729
}