{
  "dataset": "Weather",
  "horizon": 96,
  "seed": 44,
  "epochs": 15,
  "input_len": 512,
  "dlinear_mse": 0.2078399807214737,
  "dlinear_mae": 0.24799516797065735,
  "param_count": 49248,
  "elapsed": 1.0446832180023193
}