{
  "dataset": "Electricity",
  "horizon": 96,
  "seed": 44,
  "K": 5,
  "rr_moa": {
    "mse": 0.2680942118167877,
    "mae": 0.36248376965522766,
    "param_count": 426102,
    "routing": {
      "mean": 0.191,
      "last": 0.196,
      "max": 0.201,
      "attention": 0.183,
      "conv1d": 0.23
    },
    "routing_entropy": 1.5711601972579956,
    "routing_max_weight": 0.2641693651676178
  },
  "elapsed": 44.68414902687073,
  "baselines": {
    "linear": {
      "mse": 0.507157027721405,
      "mae": 0.5239434242248535,
      "param_count": 49248
    },
    "attention": {
      "mse": 0.5070427656173706,
      "mae": 0.5225237607955933,
      "param_count": 49761
    },
    "conv": {
      "mse": 0.5503906011581421,
      "mae": 0.5348679423332214,
      "param_count": 209248
    }
  },
  "winner": "RR-MoA",
  "delta_pct": -47.12591718168808
}