{
  "dataset": "ETTh1",
  "horizon": 96,
  "seed": 43,
  "K": 5,
  "rr_moa": {
    "mse": 0.5350719690322876,
    "mae": 0.5071154236793518,
    "param_count": 426102,
    "routing": {
      "mean": 0.22,
      "last": 0.198,
      "max": 0.198,
      "attention": 0.193,
      "conv1d": 0.191
    },
    "routing_entropy": 1.5288046598434448,
    "routing_max_weight": 0.29570472240448
  },
  "elapsed": 44.8189172744751,
  "baselines": {
    "linear": {
      "mse": 0.9722176790237427,
      "mae": 0.7632924318313599,
      "param_count": 49248
    },
    "attention": {
      "mse": 1.3605676889419556,
      "mae": 0.9201098680496216,
      "param_count": 49761
    },
    "conv": {
      "mse": 1.1128044128417969,
      "mae": 0.7964430451393127,
      "param_count": 209248
    }
  },
  "winner": "RR-MoA",
  "delta_pct": -44.96376885785673
}