{
  "dataset": "ETTh1",
  "horizon": 96,
  "seed": 42,
  "K": 5,
  "rr_moa": {
    "mse": 0.527174174785614,
    "mae": 0.4929012358188629,
    "param_count": 426102,
    "routing": {
      "mean": 0.234,
      "last": 0.166,
      "max": 0.189,
      "attention": 0.227,
      "conv1d": 0.184
    },
    "routing_entropy": 1.5457236766815186,
    "routing_max_weight": 0.28225433826446533
  },
  "elapsed": 44.725698471069336,
  "baselines": {
    "linear": {
      "mse": 1.2605830430984497,
      "mae": 0.8899041414260864,
      "param_count": 49248
    },
    "attention": {
      "mse": 1.4000353813171387,
      "mae": 0.9217840433120728,
      "param_count": 49761
    },
    "conv": {
      "mse": 1.271649718284607,
      "mae": 0.8611491918563843,
      "param_count": 209248
    }
  },
  "winner": "RR-MoA",
  "delta_pct": -58.18013119628783
}