{
  "dataset": "Weather",
  "horizon": 96,
  "seed": 44,
  "K": 5,
  "rr_moa": {
    "mse": 0.24344615638256073,
    "mae": 0.32971319556236267,
    "param_count": 426102,
    "routing": {
      "mean": 0.161,
      "last": 0.194,
      "max": 0.253,
      "attention": 0.233,
      "conv1d": 0.16
    },
    "routing_entropy": 1.4875316619873047,
    "routing_max_weight": 0.31629881262779236
  },
  "elapsed": 44.714139223098755,
  "baselines": {
    "linear": {
      "mse": 0.9440127611160278,
      "mae": 0.6195473074913025,
      "param_count": 49248
    },
    "attention": {
      "mse": 0.5396249294281006,
      "mae": 0.5315602421760559,
      "param_count": 49761
    },
    "conv": {
      "mse": 0.6067635416984558,
      "mae": 0.5878222584724426,
      "param_count": 209248
    }
  },
  "winner": "RR-MoA",
  "delta_pct": -54.88604341527231
}