{
  "dataset": "Weather",
  "horizon": 96,
  "seed": 42,
  "K": 5,
  "rr_moa": {
    "mse": 0.4818040430545807,
    "mae": 0.3366803824901581,
    "param_count": 426102,
    "routing": {
      "mean": 0.287,
      "last": 0.164,
      "max": 0.209,
      "attention": 0.21,
      "conv1d": 0.131
    },
    "routing_entropy": 1.4809879064559937,
    "routing_max_weight": 0.33605191111564636
  },
  "elapsed": 44.64001750946045,
  "baselines": {
    "linear": {
      "mse": 0.6221649646759033,
      "mae": 0.5684710741043091,
      "param_count": 49248
    },
    "attention": {
      "mse": 0.5101170539855957,
      "mae": 0.5172487497329712,
      "param_count": 49761
    },
    "conv": {
      "mse": 0.45923879742622375,
      "mae": 0.466549277305603,
      "param_count": 209248
    }
  },
  "winner": "BASELINE",
  "delta_pct": 4.913619179133492
}