{
  "dataset": "Electricity",
  "horizon": 96,
  "seed": 43,
  "K": 5,
  "rr_moa": {
    "mse": 0.24707317352294922,
    "mae": 0.34110063314437866,
    "param_count": 426102,
    "routing": {
      "mean": 0.209,
      "last": 0.2,
      "max": 0.193,
      "attention": 0.191,
      "conv1d": 0.207
    },
    "routing_entropy": 1.5528041124343872,
    "routing_max_weight": 0.2839343249797821
  },
  "elapsed": 44.652443170547485,
  "baselines": {
    "linear": {
      "mse": 0.5315275192260742,
      "mae": 0.5410684943199158,
      "param_count": 49248
    },
    "attention": {
      "mse": 0.4842362105846405,
      "mae": 0.5053458213806152,
      "param_count": 49761
    },
    "conv": {
      "mse": 0.4623681604862213,
      "mae": 0.48928505182266235,
      "param_count": 209248
    }
  },
  "winner": "RR-MoA",
  "delta_pct": -46.5635407803319
}