{
  "dataset": "ETTh1",
  "horizon": 96,
  "seed": 44,
  "K": 5,
  "top_k": 2,
  "unfreeze": "last4",
  "backbone_trainable_params": 9441280,
  "rr_moa": {
    "mse": 0.7527498602867126,
    "mae": 0.6596903800964355,
    "param_count": 426102,
    "top_k": 2,
    "routing": {
      "mean": 0.172,
      "last": 0.201,
      "max": 0.173,
      "attention": 0.177,
      "conv1d": 0.276
    },
    "routing_entropy": 1.5574769973754883,
    "routing_max_weight": 0.30930107831954956
  },
  "elapsed": 52.97381019592285,
  "baselines": {
    "linear": {
      "mse": 1.1484589576721191,
      "mae": 0.8448248505592346,
      "param_count": 49248
    },
    "attention": {
      "mse": 1.0702319145202637,
      "mae": 0.7845125198364258,
      "param_count": 49761
    },
    "conv": {
      "mse": 1.1687533855438232,
      "mae": 0.815570592880249,
      "param_count": 209248
    }
  },
  "winner": "RR-MoA",
  "delta_pct": -29.66479039973909
}