{
  "dataset": "ETTh1",
  "horizon": 96,
  "seed": 43,
  "K": 5,
  "top_k": 2,
  "unfreeze": "frozen",
  "router_input_mode": "revin",
  "backbone_trainable_params": 0,
  "rr_moa": {
    "mse": 1.1082220077514648,
    "mae": 0.8418681025505066,
    "param_count": 426102,
    "top_k": 2,
    "router_input_mode": "revin",
    "routing": {
      "mean": 0.164,
      "last": 0.176,
      "max": 0.164,
      "attention": 0.162,
      "conv1d": 0.334
    },
    "routing_entropy": 1.5436913967132568,
    "routing_max_weight": 0.33371394872665405
  },
  "elapsed": 32.28606295585632,
  "baselines": {},
  "winner": "N/A",
  "delta_pct": 0.0
}