{
  "dataset": "ETTh1",
  "horizon": 96,
  "seed": 44,
  "K": 5,
  "top_k": 1,
  "unfreeze": "last2",
  "backbone_trainable_params": 4720640,
  "rr_moa": {
    "mse": 1.1745591163635254,
    "mae": 0.8645422458648682,
    "param_count": 426102,
    "top_k": 1,
    "routing": {
      "mean": 0.2,
      "last": 0.2,
      "max": 0.2,
      "attention": 0.2,
      "conv1d": 0.2
    },
    "routing_entropy": 1.6083561182022095,
    "routing_max_weight": 0.2107921689748764
  },
  "elapsed": 40.0244779586792,
  "baselines": {},
  "winner": "N/A",
  "delta_pct": 0.0
}