{
  "dataset": "ETTh1",
  "horizon": 96,
  "seed": 42,
  "K": 5,
  "top_k": 2,
  "unfreeze": "frozen",
  "backbone_trainable_params": 0,
  "rr_moa": {
    "mse": 0.6670829057693481,
    "mae": 0.6150257587432861,
    "param_count": 426102,
    "top_k": 2,
    "routing": {
      "mean": 0.226,
      "last": 0.201,
      "max": 0.216,
      "attention": 0.188,
      "conv1d": 0.169
    },
    "routing_entropy": 1.5094990730285645,
    "routing_max_weight": 0.3380514979362488
  },
  "elapsed": 33.96833252906799,
  "baselines": {
    "linear": {
      "mse": 1.2664461135864258,
      "mae": 0.9050637483596802,
      "param_count": 49248
    },
    "attention": {
      "mse": 1.1937419176101685,
      "mae": 0.8568375110626221,
      "param_count": 49761
    },
    "conv": {
      "mse": 1.2820823192596436,
      "mae": 0.8978593349456787,
      "param_count": 209248
    }
  },
  "winner": "RR-MoA",
  "delta_pct": -44.11833111257198
}