{
  "dataset": "ETTh1",
  "horizon": 96,
  "seed": 43,
  "K": 5,
  "top_k": 3,
  "unfreeze": "last2",
  "backbone_trainable_params": 4720640,
  "rr_moa": {
    "mse": 0.733858048915863,
    "mae": 0.6306895613670349,
    "param_count": 426102,
    "top_k": 3,
    "routing": {
      "mean": 0.25,
      "last": 0.181,
      "max": 0.193,
      "attention": 0.196,
      "conv1d": 0.18
    },
    "routing_entropy": 1.5358844995498657,
    "routing_max_weight": 0.3121480941772461
  },
  "elapsed": 49.87895917892456,
  "baselines": {},
  "winner": "N/A",
  "delta_pct": 0.0
}