{
  "dataset": "ETTh1",
  "horizon": 96,
  "seed": 43,
  "K": 5,
  "top_k": 1,
  "unfreeze": "last2",
  "backbone_trainable_params": 4720640,
  "rr_moa": {
    "mse": 1.3499367237091064,
    "mae": 0.9188627600669861,
    "param_count": 426102,
    "top_k": 1,
    "routing": {
      "mean": 0.2,
      "last": 0.197,
      "max": 0.2,
      "attention": 0.203,
      "conv1d": 0.201
    },
    "routing_entropy": 1.608567714691162,
    "routing_max_weight": 0.20981290936470032
  },
  "elapsed": 40.03528714179993,
  "baselines": {},
  "winner": "N/A",
  "delta_pct": 0.0
}