{
  "dataset": "ETTh1",
  "horizon": 96,
  "seed": 42,
  "K": 5,
  "top_k": 3,
  "unfreeze": "last2",
  "backbone_trainable_params": 4720640,
  "rr_moa": {
    "mse": 0.6704451441764832,
    "mae": 0.5996777415275574,
    "param_count": 426102,
    "top_k": 3,
    "routing": {
      "mean": 0.282,
      "last": 0.171,
      "max": 0.164,
      "attention": 0.187,
      "conv1d": 0.196
    },
    "routing_entropy": 1.535398244857788,
    "routing_max_weight": 0.30434444546699524
  },
  "elapsed": 49.005000591278076,
  "baselines": {},
  "winner": "N/A",
  "delta_pct": 0.0
}