{
  "dataset": "ETTh1",
  "horizon": 96,
  "seed": 44,
  "K": 5,
  "top_k": 5,
  "unfreeze": "last2",
  "backbone_trainable_params": 4720640,
  "rr_moa": {
    "mse": 0.5148298740386963,
    "mae": 0.5081257820129395,
    "param_count": 426102,
    "top_k": 5,
    "routing": {
      "mean": 0.214,
      "last": 0.19,
      "max": 0.183,
      "attention": 0.166,
      "conv1d": 0.247
    },
    "routing_entropy": 1.5429396629333496,
    "routing_max_weight": 0.2838793098926544
  },
  "elapsed": 35.349921226501465,
  "baselines": {},
  "winner": "N/A",
  "delta_pct": 0.0
}