{
  "dataset": "ETTh1",
  "horizon": 96,
  "seed": 44,
  "K": 5,
  "top_k": 2,
  "unfreeze": "frozen",
  "router_input_mode": "revin",
  "backbone_trainable_params": 0,
  "rr_moa": {
    "mse": 1.0903311967849731,
    "mae": 0.8196762800216675,
    "param_count": 426102,
    "top_k": 2,
    "router_input_mode": "revin",
    "routing": {
      "mean": 0.147,
      "last": 0.173,
      "max": 0.157,
      "attention": 0.176,
      "conv1d": 0.347
    },
    "routing_entropy": 1.5005100965499878,
    "routing_max_weight": 0.3532319962978363
  },
  "elapsed": 33.559211015701294,
  "baselines": {},
  "winner": "N/A",
  "delta_pct": 0.0
}