{
  "dataset": "ETTh1",
  "horizon": 96,
  "seed": 42,
  "K": 5,
  "top_k": 1,
  "unfreeze": "last2",
  "backbone_trainable_params": 4720640,
  "rr_moa": {
    "mse": 1.2791554927825928,
    "mae": 0.9054250121116638,
    "param_count": 426102,
    "top_k": 1,
    "routing": {
      "mean": 0.198,
      "last": 0.202,
      "max": 0.201,
      "attention": 0.2,
      "conv1d": 0.199
    },
    "routing_entropy": 1.6082868576049805,
    "routing_max_weight": 0.2108447551727295
  },
  "elapsed": 40.11871409416199,
  "baselines": {},
  "winner": "N/A",
  "delta_pct": 0.0
}