{
  "dataset": "Weather",
  "horizon": 96,
  "seed": 43,
  "K": 5,
  "top_k": 2,
  "unfreeze": "last2",
  "backbone_trainable_params": 4720640,
  "rr_moa": {
    "mse": 0.25304460525512695,
    "mae": 0.3253396153450012,
    "param_count": 426102,
    "top_k": 2,
    "routing": {
      "mean": 0.21,
      "last": 0.224,
      "max": 0.148,
      "attention": 0.143,
      "conv1d": 0.275
    },
    "routing_entropy": 1.412526249885559,
    "routing_max_weight": 0.3902576267719269
  },
  "elapsed": 43.54297995567322,
  "baselines": {
    "linear": {
      "mse": 0.5030275583267212,
      "mae": 0.5197110176086426,
      "param_count": 49248
    },
    "attention": {
      "mse": 0.5058340430259705,
      "mae": 0.526914656162262,
      "param_count": 49761
    },
    "conv": {
      "mse": 0.4446389675140381,
      "mae": 0.4791719317436218,
      "param_count": 209248
    }
  },
  "winner": "RR-MoA",
  "delta_pct": -43.08987206634383
}