{
  "dataset": "Weather",
  "horizon": 96,
  "seed": 43,
  "K": 5,
  "top_k": 2,
  "unfreeze": "frozen",
  "backbone_trainable_params": 0,
  "rr_moa": {
    "mse": 0.29931139945983887,
    "mae": 0.36645907163619995,
    "param_count": 426102,
    "top_k": 2,
    "routing": {
      "mean": 0.285,
      "last": 0.122,
      "max": 0.152,
      "attention": 0.144,
      "conv1d": 0.297
    },
    "routing_entropy": 1.3767046928405762,
    "routing_max_weight": 0.4111250936985016
  },
  "elapsed": 33.543176889419556,
  "baselines": {
    "linear": {
      "mse": 0.5182558298110962,
      "mae": 0.5323026180267334,
      "param_count": 49248
    },
    "attention": {
      "mse": 0.5464386343955994,
      "mae": 0.5492711663246155,
      "param_count": 49761
    },
    "conv": {
      "mse": 0.568152129650116,
      "mae": 0.5645231008529663,
      "param_count": 209248
    }
  },
  "winner": "RR-MoA",
  "delta_pct": -42.24639989695097
}