{
  "dataset": "Weather",
  "horizon": 96,
  "seed": 42,
  "K": 5,
  "top_k": 2,
  "unfreeze": "last4",
  "backbone_trainable_params": 9441280,
  "rr_moa": {
    "mse": 0.27591773867607117,
    "mae": 0.34466347098350525,
    "param_count": 426102,
    "top_k": 2,
    "routing": {
      "mean": 0.216,
      "last": 0.192,
      "max": 0.248,
      "attention": 0.173,
      "conv1d": 0.17
    },
    "routing_entropy": 1.426056146621704,
    "routing_max_weight": 0.3823661506175995
  },
  "elapsed": 53.6300630569458,
  "baselines": {
    "linear": {
      "mse": 0.6221649646759033,
      "mae": 0.5684710741043091,
      "param_count": 49248
    },
    "attention": {
      "mse": 0.5101170539855957,
      "mae": 0.5172487497329712,
      "param_count": 49761
    },
    "conv": {
      "mse": 0.45923879742622375,
      "mae": 0.466549277305603,
      "param_count": 209248
    }
  },
  "winner": "RR-MoA",
  "delta_pct": -39.9184606739597
}