{
  "dataset": "Weather",
  "horizon": 96,
  "seed": 43,
  "K": 5,
  "rr_moa": {
    "mse": 0.2058945596218109,
    "mae": 0.2721141278743744,
    "param_count": 426102,
    "routing": {
      "mean": 0.177,
      "last": 0.218,
      "max": 0.245,
      "attention": 0.153,
      "conv1d": 0.207
    },
    "routing_entropy": 1.5258941650390625,
    "routing_max_weight": 0.29234009981155396
  },
  "elapsed": 44.708256006240845,
  "baselines": {
    "linear": {
      "mse": 0.523134708404541,
      "mae": 0.5161469578742981,
      "param_count": 49248
    },
    "attention": {
      "mse": 0.6680446863174438,
      "mae": 0.6279495358467102,
      "param_count": 49761
    },
    "conv": {
      "mse": 0.4906615614891052,
      "mae": 0.4953957796096802,
      "param_count": 209248
    }
  },
  "winner": "RR-MoA",
  "delta_pct": -58.03735695191957
}