{
  "dataset": "Weather",
  "horizon": 96,
  "seed": 44,
  "K": 5,
  "top_k": 2,
  "unfreeze": "last2",
  "backbone_trainable_params": 4720640,
  "rr_moa": {
    "mse": 0.24469749629497528,
    "mae": 0.3132932484149933,
    "param_count": 426102,
    "top_k": 2,
    "routing": {
      "mean": 0.25,
      "last": 0.182,
      "max": 0.159,
      "attention": 0.115,
      "conv1d": 0.294
    },
    "routing_entropy": 1.4194684028625488,
    "routing_max_weight": 0.37041690945625305
  },
  "elapsed": 44.514641523361206,
  "baselines": {
    "linear": {
      "mse": 0.6206086874008179,
      "mae": 0.5805429816246033,
      "param_count": 49248
    },
    "attention": {
      "mse": 0.6492204070091248,
      "mae": 0.600684642791748,
      "param_count": 49761
    },
    "conv": {
      "mse": 0.48473066091537476,
      "mae": 0.4913201630115509,
      "param_count": 209248
    }
  },
  "winner": "RR-MoA",
  "delta_pct": -49.51887387670427
}