{
  "dataset": "Weather",
  "horizon": 96,
  "seed": 44,
  "K": 5,
  "top_k": 2,
  "unfreeze": "frozen",
  "backbone_trainable_params": 0,
  "rr_moa": {
    "mse": 0.2856079041957855,
    "mae": 0.353284627199173,
    "param_count": 426102,
    "top_k": 2,
    "routing": {
      "mean": 0.206,
      "last": 0.22,
      "max": 0.145,
      "attention": 0.11,
      "conv1d": 0.319
    },
    "routing_entropy": 1.3600239753723145,
    "routing_max_weight": 0.40118536353111267
  },
  "elapsed": 34.67910885810852,
  "baselines": {
    "linear": {
      "mse": 0.5258342027664185,
      "mae": 0.5336798429489136,
      "param_count": 49248
    },
    "attention": {
      "mse": 0.5983483195304871,
      "mae": 0.5731956362724304,
      "param_count": 49761
    },
    "conv": {
      "mse": 0.6067919731140137,
      "mae": 0.5877281427383423,
      "param_count": 209248
    }
  },
  "winner": "RR-MoA",
  "delta_pct": -45.68479899306668
}