{
  "dataset": "Electricity",
  "horizon": 96,
  "seed": 43,
  "K": 5,
  "hidden": 64,
  "adamix": {
    "mse": 0.45610129833221436,
    "mae": 0.4757899045944214,
    "param_count": 441830,
    "mean_routing_weights": {
      "mean": 0.267,
      "last": 0.107,
      "max": 0.283,
      "attention": 0.142,
      "conv1d": 0.201
    },
    "routing_entropy": 1.5074738264083862
  },
  "elapsed": 44.59606194496155,
  "baselines": {
    "linear": {
      "mse": 0.4873838424682617,
      "mae": 0.5051309466362,
      "param_count": 49248
    },
    "attention": {
      "mse": 0.5016897916793823,
      "mae": 0.5182461142539978,
      "param_count": 49761
    },
    "conv": {
      "mse": 0.4761512875556946,
      "mae": 0.5013262033462524,
      "param_count": 209248
    }
  },
  "winner": "AdaMix",
  "delta_pct": -4.210844273131365
}