{
  "dataset": "Electricity",
  "horizon": 96,
  "seed": 42,
  "K": 5,
  "hidden": 64,
  "adamix": {
    "mse": 1.0534130334854126,
    "mae": 0.8318677544593811,
    "param_count": 441830,
    "mean_routing_weights": {
      "mean": 0.479,
      "last": 0.0,
      "max": 0.0,
      "attention": 0.52,
      "conv1d": 0.0
    },
    "routing_entropy": 0.5884188413619995
  },
  "elapsed": 44.7078742980957,
  "baselines": {
    "linear": {
      "mse": 0.5448518991470337,
      "mae": 0.5476391315460205,
      "param_count": 49248
    },
    "attention": {
      "mse": 0.499550461769104,
      "mae": 0.5040035843849182,
      "param_count": 49761
    },
    "conv": {
      "mse": 0.48697277903556824,
      "mae": 0.5050586462020874,
      "param_count": 209248
    }
  },
  "winner": "BASELINE",
  "delta_pct": 116.3186688939079
}