{
  "dataset": "ETTh2",
  "horizon": 96,
  "seed": 44,
  "K": 5,
  "hidden": 64,
  "adamix": {
    "mse": 3.056610345840454,
    "mae": 1.3400620222091675,
    "param_count": 441830,
    "mean_routing_weights": {
      "mean": 0.0,
      "last": 0.0,
      "max": 0.0,
      "attention": 1.0,
      "conv1d": 0.0
    },
    "routing_entropy": 1.0286999998034875e-14
  },
  "elapsed": 44.73354458808899,
  "baselines": {
    "linear": {
      "mse": 2.8579235076904297,
      "mae": 1.2817091941833496,
      "param_count": 49248
    },
    "attention": {
      "mse": 3.5557942390441895,
      "mae": 1.4435594081878662,
      "param_count": 49761
    },
    "conv": {
      "mse": 3.030294895172119,
      "mae": 1.3191864490509033,
      "param_count": 209248
    }
  },
  "winner": "BASELINE",
  "delta_pct": 6.952139818136314
}