{
  "dataset": "ETTm2",
  "horizon": 96,
  "seed": 44,
  "K": 5,
  "hidden": 64,
  "adamix": {
    "mse": 3.1083755493164062,
    "mae": 1.3525434732437134,
    "param_count": 441830,
    "mean_routing_weights": {
      "mean": 0.0,
      "last": 0.0,
      "max": 0.0,
      "attention": 1.0,
      "conv1d": 0.0
    },
    "routing_entropy": 5.99378636245038e-22
  },
  "elapsed": 44.595375299453735,
  "baselines": {
    "linear": {
      "mse": 2.877305030822754,
      "mae": 1.2520463466644287,
      "param_count": 49248
    },
    "attention": {
      "mse": 2.7612874507904053,
      "mae": 1.2378357648849487,
      "param_count": 49761
    },
    "conv": {
      "mse": 2.9641952514648438,
      "mae": 1.2801928520202637,
      "param_count": 209248
    }
  },
  "winner": "BASELINE",
  "delta_pct": 12.569792341853026
}