{
  "dataset": "Weather",
  "horizon": 96,
  "seed": 42,
  "K": 5,
  "hidden": 64,
  "adamix": {
    "mse": 0.605657696723938,
    "mae": 0.5868266224861145,
    "param_count": 441830,
    "mean_routing_weights": {
      "mean": 0.0,
      "last": 0.0,
      "max": 0.0,
      "attention": 1.0,
      "conv1d": 0.0
    },
    "routing_entropy": 4.659531441575382e-06
  },
  "elapsed": 44.69462990760803,
  "baselines": {
    "linear": {
      "mse": 0.541922390460968,
      "mae": 0.5303434729576111,
      "param_count": 49248
    },
    "attention": {
      "mse": 0.5066632032394409,
      "mae": 0.5206525325775146,
      "param_count": 49761
    },
    "conv": {
      "mse": 0.5610441565513611,
      "mae": 0.5519517064094543,
      "param_count": 209248
    }
  },
  "winner": "BASELINE",
  "delta_pct": 19.538520431631554
}