{
  "dataset": "Electricity",
  "horizon": 96,
  "seed": 43,
  "K": 5,
  "sr_moa": {
    "mse": 0.5189029574394226,
    "mae": 0.5444167852401733,
    "param_count": 433670,
    "routing": {
      "mean": 0.245,
      "last": 0.19,
      "max": 0.182,
      "attention": 0.08,
      "conv1d": 0.303
    },
    "routing_entropy": 1.5294471979141235,
    "routing_max_weight": 0.3026379644870758
  },
  "elapsed": 44.703543186187744,
  "baselines": {
    "linear": {
      "mse": 0.5066592693328857,
      "mae": 0.5179174542427063,
      "param_count": 49248
    },
    "attention": {
      "mse": 0.48887163400650024,
      "mae": 0.5015314221382141,
      "param_count": 49761
    },
    "conv": {
      "mse": 0.49336734414100647,
      "mae": 0.5037645101547241,
      "param_count": 209248
    }
  },
  "winner": "BASELINE",
  "delta_pct": 6.1429875132667355
}