{
  "dataset": "Electricity",
  "horizon": 96,
  "seed": 44,
  "K": 5,
  "sr_moa": {
    "mse": 0.4262988269329071,
    "mae": 0.45670217275619507,
    "param_count": 433670,
    "routing": {
      "mean": 0.181,
      "last": 0.211,
      "max": 0.106,
      "attention": 0.213,
      "conv1d": 0.289
    },
    "routing_entropy": 1.5601768493652344,
    "routing_max_weight": 0.2888856530189514
  },
  "elapsed": 44.63381028175354,
  "baselines": {
    "linear": {
      "mse": 0.5314356684684753,
      "mae": 0.5381022691726685,
      "param_count": 49248
    },
    "attention": {
      "mse": 0.5053680539131165,
      "mae": 0.5221810340881348,
      "param_count": 49761
    },
    "conv": {
      "mse": 0.4474622905254364,
      "mae": 0.47892487049102783,
      "param_count": 209248
    }
  },
  "winner": "SR-MoA",
  "delta_pct": -4.729664161795158
}