{
  "dataset": "Weather",
  "horizon": 96,
  "seed": 42,
  "K": 5,
  "sr_moa": {
    "mse": 0.5777394771575928,
    "mae": 0.5321708917617798,
    "param_count": 433670,
    "routing": {
      "mean": 0.192,
      "last": 0.181,
      "max": 0.216,
      "attention": 0.247,
      "conv1d": 0.164
    },
    "routing_entropy": 1.5833451747894287,
    "routing_max_weight": 0.2552129924297333
  },
  "elapsed": 44.68661642074585,
  "baselines": {
    "linear": {
      "mse": 0.571505606174469,
      "mae": 0.544035792350769,
      "param_count": 49248
    },
    "attention": {
      "mse": 0.6597785353660583,
      "mae": 0.6050048470497131,
      "param_count": 49761
    },
    "conv": {
      "mse": 0.576993465423584,
      "mae": 0.5356583595275879,
      "param_count": 209248
    }
  },
  "winner": "BASELINE",
  "delta_pct": 1.0907803730661403
}