{
  "features": {
    "ETTh1": {
      "acf_1": 0.8571715775227371,
      "acf_5": 0.38499818672667696,
      "acf_10": 0.1077301281692822,
      "acf_24": 0.473436267304274,
      "acf_48": 0.4466432639377458,
      "acf_96": 0.34392363056460407,
      "trend_strength": 0.7450715418808384,
      "spectral_entropy": 1.9593487183340812,
      "dominant_period": 24.38095238095238,
      "stationarity": 0.09486270785012338,
      "kurtosis": 1.7095443348360062,
      "skewness": -0.36836033391860695,
      "value_range": 9.767133712768555,
      "value_std": 0.9894782304763794,
      "naive_mse": 1.009159803390503
    },
    "ETTh2": {
      "acf_1": 0.7822448232549316,
      "acf_5": 0.49006193531448766,
      "acf_10": 0.21382437107331348,
      "acf_24": 0.5380054736775308,
      "acf_48": 0.4098800002033331,
      "acf_96": 0.2814582709362994,
      "trend_strength": 0.8063721704287361,
      "spectral_entropy": 1.2847330779010255,
      "dominant_period": 512.0,
      "stationarity": 0.8854290569738602,
      "kurtosis": 3.0611078309504736,
      "skewness": -0.44969023854414597,
      "value_range": 13.098493576049805,
      "value_std": 1.060188889503479,
      "naive_mse": 0.7378767728805542
    },
    "ETTm1": {
      "acf_1": 0.9346373661426468,
      "acf_5": 0.7730255402449028,
      "acf_10": 0.5931272776244715,
      "acf_24": 0.135396373608639,
      "acf_48": -0.11949968283247728,
      "acf_96": 0.3764206893838498,
      "trend_strength": 0.8849272738130008,
      "spectral_entropy": 1.3456301469038003,
      "dominant_period": 102.4,
      "stationarity": 0.33474983019455196,
      "kurtosis": 1.1405494809980734,
      "skewness": -0.22328917889059716,
      "value_range": 9.440696716308594,
      "value_std": 1.0573652982711792,
      "naive_mse": 0.8377861976623535
    },
    "ETTm2": {
      "acf_1": 0.8835366384122156,
      "acf_5": 0.7127572562133137,
      "acf_10": 0.5934140904467547,
      "acf_24": 0.24007804677328953,
      "acf_48": -0.06663143104714617,
      "acf_96": 0.4165390571599662,
      "trend_strength": 0.9076934549870929,
      "spectral_entropy": 0.7609023672992311,
      "dominant_period": 512.0,
      "stationarity": 1.0745579692716154,
      "kurtosis": 3.7214710073179322,
      "skewness": -0.052034210489340774,
      "value_range": 12.059024810791016,
      "value_std": 1.074036717414856,
      "naive_mse": 0.4382708668708801
    },
    "Weather": {
      "acf_1": 0.8959084780139897,
      "acf_5": 0.8088148850888024,
      "acf_10": 0.7338606312253074,
      "acf_24": 0.48310211063830794,
      "acf_48": 0.08108577017204166,
      "acf_96": -0.10737402582181986,
      "trend_strength": 0,
      "spectral_entropy": 1.9058466525569808,
      "dominant_period": 128.0,
      "stationarity": 0.44982059464736895,
      "kurtosis": 7875.816722682591,
      "skewness": -48.673876862011106,
      "value_range": 274.1968688964844,
      "value_std": 1.2681751251220703,
      "naive_mse": 0.760547935962677
    },
    "Electricity": {
      "acf_1": 0.8853173464893493,
      "acf_5": 0.14782024134450894,
      "acf_10": -0.37586267111822924,
      "acf_24": 0.8700762598185433,
      "acf_48": 0.8083288056705884,
      "acf_96": 0.7900460759489211,
      "trend_strength": 0.7678203174426961,
      "spectral_entropy": 2.5350983143300647,
      "dominant_period": 24.38095238095238,
      "stationarity": 0.2819115731636036,
      "kurtosis": 0.0360531236657482,
      "skewness": 0.3543638989041615,
      "value_range": 10.423120498657227,
      "value_std": 1.016635775566101,
      "naive_mse": 1.622365951538086
    }
  },
  "portfolio": {
    "ETTh1": {
      "source_mse": 0.4502372443675995,
      "param_count": 30880
    },
    "ETTh2": {
      "source_mse": 2.73534893989563,
      "param_count": 79072
    },
    "ETTm1": {
      "source_mse": 0.9919959902763367,
      "param_count": 50272
    },
    "ETTm2": {
      "source_mse": 2.8283936977386475,
      "param_count": 103904
    },
    "Weather": {
      "source_mse": 0.4932919144630432,
      "param_count": 157537
    },
    "Electricity": {
      "source_mse": 0.45979875326156616,
      "param_count": 228896
    }
  },
  "mse_matrix": {
    "ETTh1": {
      "ETTh1": 1.153365135192871,
      "ETTh2": 3.0617244243621826,
      "ETTm1": 1.1225647926330566,
      "ETTm2": 3.1175179481506348,
      "Weather": 0.6077861189842224,
      "Electricity": 0.6086155772209167
    },
    "ETTh2": {
      "ETTh1": 1.3288289308547974,
      "ETTh2": 3.4585704803466797,
      "ETTm1": 1.3432369232177734,
      "ETTm2": 3.5721800327301025,
      "Weather": 0.4948084056377411,
      "Electricity": 0.45417100191116333
    },
    "ETTm1": {
      "ETTh1": 0.9452400803565979,
      "ETTh2": 3.440553665161133,
      "ETTm1": 1.0829203128814697,
      "ETTm2": 2.8121755123138428,
      "Weather": 0.5198542475700378,
      "Electricity": 0.5094230771064758
    },
    "ETTm2": {
      "ETTh1": 1.1732735633850098,
      "ETTh2": 2.730898380279541,
      "ETTm1": 1.2308135032653809,
      "ETTm2": 3.587064743041992,
      "Weather": 0.475249707698822,
      "Electricity": 0.48676061630249023
    },
    "Weather": {
      "ETTh1": 1.1873159408569336,
      "ETTh2": 3.031731367111206,
      "ETTm1": 1.474801778793335,
      "ETTm2": 2.455907106399536,
      "Weather": 0.5058152675628662,
      "Electricity": 0.502331554889679
    },
    "Electricity": {
      "ETTh1": 1.1957104206085205,
      "ETTh2": 2.919191598892212,
      "ETTm1": 1.3863707780838013,
      "ETTm2": 4.170670986175537,
      "Weather": 0.4706219434738159,
      "Electricity": 0.4977904260158539
    }
  },
  "best_adapter_per_dataset": {
    "ETTh1": "ETTm1",
    "ETTh2": "ETTm2",
    "ETTm1": "ETTm1",
    "ETTm2": "Weather",
    "Weather": "Electricity",
    "Electricity": "ETTh2"
  }
}