{
  "dataset": "Electricity",
  "horizon": 96,
  "seed": 44,
  "K": 5,
  "hidden": 64,
  "adamix": {
    "mse": 1.0554755926132202,
    "mae": 0.834839403629303,
    "param_count": 441830,
    "mean_routing_weights": {
      "mean": 0.0,
      "last": 0.0,
      "max": 0.0,
      "attention": 1.0,
      "conv1d": 0.0
    },
    "routing_entropy": 1.4184428520573963e-19
  },
  "elapsed": 44.62484812736511,
  "baselines": {
    "linear": {
      "mse": 0.5047217011451721,
      "mae": 0.51637864112854,
      "param_count": 49248
    },
    "attention": {
      "mse": 0.48814043402671814,
      "mae": 0.5024009943008423,
      "param_count": 49761
    },
    "conv": {
      "mse": 0.45910993218421936,
      "mae": 0.48533809185028076,
      "param_count": 209248
    }
  },
  "winner": "BASELINE",
  "delta_pct": 129.89604855459916
}