{
  "dataset": "ETTh2",
  "horizon": 96,
  "seed": 42,
  "K": 5,
  "hidden": 64,
  "adamix": {
    "mse": 3.049067258834839,
    "mae": 1.338220238685608,
    "param_count": 441830,
    "mean_routing_weights": {
      "mean": 0.0,
      "last": 0.0,
      "max": 0.0,
      "attention": 1.0,
      "conv1d": 0.0
    },
    "routing_entropy": 4.9621694753051724e-17
  },
  "elapsed": 44.75429606437683,
  "baselines": {
    "linear": {
      "mse": 2.8178138732910156,
      "mae": 1.2705984115600586,
      "param_count": 49248
    },
    "attention": {
      "mse": 3.0865447521209717,
      "mae": 1.3254672288894653,
      "param_count": 49761
    },
    "conv": {
      "mse": 2.950653553009033,
      "mae": 1.2898145914077759,
      "param_count": 209248
    }
  },
  "winner": "BASELINE",
  "delta_pct": 8.206836787049209
}