{
  "dataset": "ETTh1",
  "horizon": 96,
  "seed": 43,
  "K": 5,
  "hidden": 64,
  "unfreeze": "last4",
  "backbone_trainable_params": 9441280,
  "adamix": {
    "mse": 1.153625249862671,
    "mae": 0.8379433751106262,
    "param_count": 441830,
    "mean_routing_weights": {
      "mean": 1.0,
      "last": 0.0,
      "max": 0.0,
      "attention": 0.0,
      "conv1d": 0.0
    },
    "routing_entropy": 3.460370862740092e-05
  },
  "elapsed": 44.752233266830444,
  "baselines": {
    "linear": {
      "mse": 1.1165426969528198,
      "mae": 0.8131040930747986,
      "param_count": 49248
    },
    "attention": {
      "mse": 1.2138124704360962,
      "mae": 0.8301812410354614,
      "param_count": 49761
    },
    "conv": {
      "mse": 1.1793609857559204,
      "mae": 0.8188520073890686,
      "param_count": 209248
    }
  },
  "winner": "BASELINE",
  "delta_pct": 3.321194344923293
}