{
  "dataset": "ETTh1",
  "horizon": 96,
  "seed": 43,
  "K": 5,
  "hidden": 64,
  "unfreeze": "last2",
  "backbone_trainable_params": 4720640,
  "adamix": {
    "mse": 1.1537973880767822,
    "mae": 0.8381754159927368,
    "param_count": 441830,
    "mean_routing_weights": {
      "mean": 1.0,
      "last": 0.0,
      "max": 0.0,
      "attention": 0.0,
      "conv1d": 0.0
    },
    "routing_entropy": 1.2139734280935954e-05
  },
  "elapsed": 35.44380283355713,
  "baselines": {
    "linear": {
      "mse": 1.0116698741912842,
      "mae": 0.8029702305793762,
      "param_count": 49248
    },
    "attention": {
      "mse": 1.077499508857727,
      "mae": 0.8131038546562195,
      "param_count": 49761
    },
    "conv": {
      "mse": 1.0959326028823853,
      "mae": 0.7920502424240112,
      "param_count": 209248
    }
  },
  "winner": "BASELINE",
  "delta_pct": 14.048803617792114
}