{
  "dataset": "ETTm1",
  "horizon": 96,
  "seed": 44,
  "K": 5,
  "hidden": 64,
  "unfreeze": "last2",
  "backbone_trainable_params": 4720640,
  "adamix": {
    "mse": 1.122800350189209,
    "mae": 0.8040592670440674,
    "param_count": 441830,
    "mean_routing_weights": {
      "mean": 0.0,
      "last": 0.0,
      "max": 0.0,
      "attention": 1.0,
      "conv1d": 0.0
    },
    "routing_entropy": 8.966123399289927e-10
  },
  "elapsed": 35.502321004867554,
  "baselines": {
    "linear": {
      "mse": 1.057606816291809,
      "mae": 0.8197326064109802,
      "param_count": 49248
    },
    "attention": {
      "mse": 0.9346691370010376,
      "mae": 0.7610354423522949,
      "param_count": 49761
    },
    "conv": {
      "mse": 1.0103586912155151,
      "mae": 0.7956916689872742,
      "param_count": 209248
    }
  },
  "winner": "BASELINE",
  "delta_pct": 20.128107983944542
}