{
  "dataset": "ETTm1",
  "horizon": 96,
  "seed": 42,
  "K": 5,
  "hidden": 64,
  "unfreeze": "last2",
  "backbone_trainable_params": 4720640,
  "adamix": {
    "mse": 1.1225947141647339,
    "mae": 0.8036162853240967,
    "param_count": 441830,
    "mean_routing_weights": {
      "mean": 0.0,
      "last": 0.0,
      "max": 0.0,
      "attention": 1.0,
      "conv1d": 0.0
    },
    "routing_entropy": 1.913182359203347e-06
  },
  "elapsed": 35.51637601852417,
  "baselines": {
    "linear": {
      "mse": 1.0612119436264038,
      "mae": 0.82316654920578,
      "param_count": 49248
    },
    "attention": {
      "mse": 0.9420173168182373,
      "mae": 0.7671324014663696,
      "param_count": 49761
    },
    "conv": {
      "mse": 0.8412295579910278,
      "mae": 0.718402087688446,
      "param_count": 209248
    }
  },
  "winner": "BASELINE",
  "delta_pct": 33.44689371657896
}