{
  "dataset": "Weather",
  "horizon": 96,
  "seed": 44,
  "K": 5,
  "hidden": 64,
  "unfreeze": "frozen",
  "backbone_trainable_params": 0,
  "adamix": {
    "mse": 0.4824642241001129,
    "mae": 0.5004184246063232,
    "param_count": 441830,
    "mean_routing_weights": {
      "mean": 0.001,
      "last": 0.0,
      "max": 0.0,
      "attention": 0.955,
      "conv1d": 0.043
    },
    "routing_entropy": 0.18572194874286652
  },
  "elapsed": 25.754141092300415,
  "baselines": {
    "linear": {
      "mse": 0.5710613131523132,
      "mae": 0.5754423141479492,
      "param_count": 49248
    },
    "attention": {
      "mse": 0.5826766490936279,
      "mae": 0.5756481885910034,
      "param_count": 49761
    },
    "conv": {
      "mse": 0.5202609300613403,
      "mae": 0.5231313705444336,
      "param_count": 209248
    }
  },
  "winner": "AdaMix",
  "delta_pct": -7.264951830376937
}