{
  "dataset": "Weather",
  "horizon": 96,
  "seed": 43,
  "K": 5,
  "hidden": 64,
  "unfreeze": "last4",
  "backbone_trainable_params": 9441280,
  "adamix": {
    "mse": 0.60882967710495,
    "mae": 0.5893421173095703,
    "param_count": 441830,
    "mean_routing_weights": {
      "mean": 0.0,
      "last": 0.0,
      "max": 0.0,
      "attention": 1.0,
      "conv1d": 0.0
    },
    "routing_entropy": 4.022968369099544e-06
  },
  "elapsed": 44.725298166275024,
  "baselines": {
    "linear": {
      "mse": 0.5172717571258545,
      "mae": 0.5219112038612366,
      "param_count": 49248
    },
    "attention": {
      "mse": 0.5650792121887207,
      "mae": 0.5450345873832703,
      "param_count": 49761
    },
    "conv": {
      "mse": 0.4748295843601227,
      "mae": 0.4798046946525574,
      "param_count": 209248
    }
  },
  "winner": "BASELINE",
  "delta_pct": 28.22067056445207
}