{
  "dataset": "Weather",
  "horizon": 96,
  "seed": 44,
  "K": 5,
  "hidden": 64,
  "unfreeze": "last2",
  "backbone_trainable_params": 4720640,
  "adamix": {
    "mse": 0.605385422706604,
    "mae": 0.5866404175758362,
    "param_count": 441830,
    "mean_routing_weights": {
      "mean": 0.0,
      "last": 0.0,
      "max": 0.0,
      "attention": 1.0,
      "conv1d": 0.0
    },
    "routing_entropy": 6.327922363880134e-08
  },
  "elapsed": 35.41713881492615,
  "baselines": {
    "linear": {
      "mse": 0.5674633979797363,
      "mae": 0.5590193271636963,
      "param_count": 49248
    },
    "attention": {
      "mse": 0.587660014629364,
      "mae": 0.5709320902824402,
      "param_count": 49761
    },
    "conv": {
      "mse": 0.5212262272834778,
      "mae": 0.508520245552063,
      "param_count": 209248
    }
  },
  "winner": "BASELINE",
  "delta_pct": 16.146385392336523
}