{
  "dataset": "Weather",
  "horizon": 96,
  "seed": 44,
  "K": 5,
  "hidden": 64,
  "adamix": {
    "mse": 0.6054081320762634,
    "mae": 0.5866497159004211,
    "param_count": 441830,
    "mean_routing_weights": {
      "mean": 0.0,
      "last": 0.0,
      "max": 0.0,
      "attention": 1.0,
      "conv1d": 0.0
    },
    "routing_entropy": 3.824739906121977e-06
  },
  "elapsed": 44.73124670982361,
  "baselines": {
    "linear": {
      "mse": 0.5401520133018494,
      "mae": 0.5400124788284302,
      "param_count": 49248
    },
    "attention": {
      "mse": 0.533417820930481,
      "mae": 0.5349533557891846,
      "param_count": 49761
    },
    "conv": {
      "mse": 0.4962470233440399,
      "mae": 0.49069881439208984,
      "param_count": 209248
    }
  },
  "winner": "BASELINE",
  "delta_pct": 21.997332698667677
}